Time,Symbol,Price,Quantity,Type,Status,Value,Tag 
2007-03-02T15:00:00Z,GLD,63.01,77,4,Filled,4851.77, 
2007-03-05T15:00:00Z,EEM,29.017518739786,174,4,Filled,5049.0482607227, 
2007-03-09T15:00:00Z,TLT,62.650221786,80,4,Filled,5012.01774288, 
2007-05-07T14:05:00Z,GLD,68.28,-77,0,Filled,-5257.56,Liquidated 
2007-05-11T14:05:00Z,EEM,33.533267554699,-174,0,Filled,-5834.7885545176,Liquidated 
2007-05-14T14:05:00Z,TLT,62.050789724,-80,0,Filled,-4964.06317792,Liquidated 
2007-09-07T14:00:00Z,DIA,101.671918856,49,4,Filled,4981.924023944, 
2007-09-07T14:00:00Z,EEM,36.039925026706,141,4,Filled,5081.6294287655, 
2007-09-07T14:00:00Z,EFA,55.90104264,90,4,Filled,5031.0938376, 
2007-09-07T14:00:00Z,QQQ,44.178249321,114,4,Filled,5036.320422594, 
2007-09-07T14:00:00Z,SPY,117.631985289,42,4,Filled,4940.543382138, 
2007-09-17T14:00:00Z,LQD,67.88122495,74,4,Filled,5023.2106463, 
2007-10-05T14:00:00Z,TLT,62.958193376,81,4,Filled,5099.613663456, 
2007-10-22T14:00:00Z,GLD,75.16,69,4,Filled,5186.04, 
2007-11-09T15:05:00Z,DIA,101.45695161,-49,0,Filled,-4971.39062889,Liquidated 
2007-11-09T15:05:00Z,EEM,41.604597032695,-141,0,Filled,-5866.24818161,Liquidated 
2007-11-09T15:05:00Z,EFA,59.14639668,-90,0,Filled,-5323.1757012,Liquidated 
2007-11-09T15:05:00Z,QQQ,46.073631286,-114,0,Filled,-5252.393966604,Liquidated 
2007-11-09T15:05:00Z,SPY,117.633460624,-42,0,Filled,-4940.605346208,Liquidated 
2007-11-19T15:00:00Z,EEM,39.937078113549,127,4,Filled,5072.0089204207, 
2007-11-19T15:00:00Z,EFA,58.09111452,88,4,Filled,5112.01807776, 
2007-11-19T15:05:00Z,LQD,69.13034825,-74,0,Filled,-5115.6457705,Liquidated 
2007-11-30T15:00:00Z,LQD,70.606332225,74,4,Filled,5224.86858465, 
2007-12-07T15:05:00Z,TLT,66.569477162,-81,0,Filled,-5392.127650122,Liquidated 
2007-12-14T15:00:00Z,DIA,103.1375632,49,4,Filled,5053.7405968, 
2007-12-14T15:00:00Z,SPY,118.278823184,43,4,Filled,5085.989396912, 
2007-12-24T15:05:00Z,GLD,80.49,-69,0,Filled,-5553.81,Liquidated 
2008-01-04T15:00:00Z,QQQ,44.047126206,113,4,Filled,4977.325261278, 
2008-01-11T15:05:00Z,DIA,98.637256294,-49,0,Filled,-4833.225558406,Liquidated 
2008-01-11T15:05:00Z,EEM,40.324427097533,-127,0,Filled,-5121.2022413866,Liquidated 
2008-01-11T15:05:00Z,EFA,56.099131968,-88,0,Filled,-4936.723613184,Liquidated 
2008-01-11T15:05:00Z,QQQ,43.237336032,-113,0,Filled,-4885.818971616,Liquidated 
2008-01-11T15:05:00Z,SPY,113.975733522,-43,0,Filled,-4900.956541446,Liquidated 
2008-01-25T15:05:00Z,LQD,70.479872538,-74,0,Filled,-5215.510567812,Liquidated 
2008-03-24T14:00:00Z,AGG,76.4976627,66,4,Filled,5048.8457382, 
2008-03-28T14:00:00Z,GLD,92.58,55,4,Filled,5091.9, 
2008-05-30T14:05:00Z,AGG,75.913065364,-66,0,Filled,-5010.262314024,Liquidated 
2008-05-30T14:05:00Z,GLD,87.29,-55,0,Filled,-4800.95,Liquidated 
2008-06-23T14:00:00Z,GLD,87.29,58,4,Filled,5062.82, 
2008-08-01T14:05:00Z,GLD,89.84,-58,0,Filled,-5210.72,Liquidated 
2008-09-15T14:00:00Z,DIA,85.115637302,58,4,Filled,4936.706963516, 
2008-09-15T14:00:00Z,EEM,26.607796902,179,4,Filled,4762.795645458, 
2008-09-15T14:00:00Z,EFA,42.47787516,117,4,Filled,4969.91139372, 
2008-09-15T14:00:00Z,LQD,67.004000736,75,4,Filled,5025.3000552, 
2008-09-15T14:00:00Z,SPY,95.99566032,51,4,Filled,4895.77867632, 
2008-09-19T14:00:00Z,TLT,69.436802868,73,4,Filled,5068.886609364, 
2008-09-22T14:00:00Z,AGG,75.6572583,68,4,Filled,5144.6935644, 
2008-10-24T14:00:00Z,QQQ,26.561826375,179,4,Filled,4754.566921125, 
2008-11-17T15:05:00Z,DIA,66.6045324,-58,0,Filled,-3863.0628792,Liquidated 
2008-11-17T15:05:00Z,EEM,18.251014464,-179,0,Filled,-3266.931589056,Liquidated 
2008-11-17T15:05:00Z,EFA,30.778332375,-117,0,Filled,-3601.064887875,Liquidated 
2008-11-17T15:05:00Z,LQD,62.431479,-75,0,Filled,-4682.360925,Liquidated 
2008-11-17T15:05:00Z,SPY,71.227191882,-51,0,Filled,-3632.586785982,Liquidated 
2008-11-21T15:05:00Z,TLT,78.124317789,-73,0,Filled,-5703.075198597,Liquidated 
2008-11-24T15:05:00Z,AGG,74.255870172,-68,0,Filled,-5049.399171696,Liquidated 
2008-12-01T15:00:00Z,DIA,65.798741085,71,4,Filled,4671.710617035, 
2008-12-01T15:00:00Z,EEM,17.887316712,269,4,Filled,4811.688195528, 
2008-12-01T15:00:00Z,EFA,30.01548291,161,4,Filled,4832.49274851, 
2008-12-01T15:00:00Z,GLD,76.9,63,4,Filled,4844.7, 
2008-12-01T15:00:00Z,SPY,68.763979949,68,4,Filled,4675.950636532, 
2008-12-26T15:05:00Z,QQQ,26.57299965,-179,0,Filled,-4756.56693735,Liquidated 
2009-01-16T15:00:00Z,TLT,85.156940598,56,4,Filled,4768.788673488, 
2009-01-23T15:05:00Z,DIA,63.930576076,-71,0,Filled,-4539.070901396,Liquidated 
2009-01-23T15:05:00Z,EEM,18.06370134,-269,0,Filled,-4859.13566046,Liquidated 
2009-01-23T15:05:00Z,EFA,28.4927783,-161,0,Filled,-4587.3373063,Liquidated 
2009-01-23T15:05:00Z,SPY,67.926913981,-68,0,Filled,-4619.030150708,Liquidated 
2009-01-23T15:05:00Z,TLT,81.683623402,-56,0,Filled,-4574.282910512,Liquidated 
2009-02-02T15:05:00Z,GLD,90.27,-63,0,Filled,-5687.01,Liquidated 
2009-02-13T15:00:00Z,TLT,79.505580705,61,4,Filled,4849.840423005, 
2009-02-20T15:00:00Z,EFA,27.666678956,178,4,Filled,4924.668854168, 
2009-03-23T14:05:00Z,TLT,79.367858872,-61,0,Filled,-4841.439391192,Liquidated 
2009-03-30T14:00:00Z,EEM,20.930423316,238,4,Filled,4981.440749208, 
2009-03-30T14:00:00Z,SPY,66.547850616,73,4,Filled,4857.993094968, 
2009-03-30T14:05:00Z,EFA,28.171517444,-178,0,Filled,-5014.530105032,Liquidated 
2009-04-03T14:05:00Z,EEM,22.46437104,-238,0,Filled,-5346.52030752,Liquidated 
2009-04-03T14:05:00Z,SPY,69.416869314,-73,0,Filled,-5067.431459922,Liquidated 
2009-04-20T14:00:00Z,EFA,29.785470792,161,4,Filled,4795.460797512, 
2009-04-27T14:05:00Z,EFA,31.368827868,-161,0,Filled,-5050.381286748,Liquidated 
2009-08-17T14:00:00Z,EEM,29.38217988,169,4,Filled,4965.58839972, 
2009-08-17T14:00:00Z,EFA,39.011110424,126,4,Filled,4915.399913424, 
2009-10-19T14:05:00Z,EEM,34.66370488,-169,0,Filled,-5858.16612472,Liquidated 
2009-10-19T14:05:00Z,EFA,44.198010168,-126,0,Filled,-5568.949281168,Liquidated 
2009-11-27T15:00:00Z,DIA,84.690971014,59,4,Filled,4996.767289826, 
2009-11-27T15:00:00Z,EEM,34.19893068,147,4,Filled,5027.24280996, 
2009-11-27T15:00:00Z,EFA,43.151256304,116,4,Filled,5005.545731264, 
2009-11-27T15:00:00Z,GLD,114.48,43,4,Filled,4922.64, 
2009-11-27T15:00:00Z,QQQ,39.793191666,125,4,Filled,4974.14895825, 
2009-11-27T15:00:00Z,SPY,92.538812945,54,4,Filled,4997.09589903, 
2009-12-21T15:05:00Z,EEM,34.33413772,-147,0,Filled,-5047.11824484,Liquidated 
2009-12-21T15:05:00Z,EFA,43.073140344,-116,0,Filled,-4996.484279904,Liquidated 
2010-01-29T15:05:00Z,DIA,83.947780566,-59,0,Filled,-4952.919053394,Liquidated 
2010-01-29T15:05:00Z,GLD,105.7,-43,0,Filled,-4545.1,Liquidated 
2010-01-29T15:05:00Z,QQQ,40.240659704,-125,0,Filled,-5030.082463,Liquidated 
2010-01-29T15:05:00Z,SPY,92.841587208,-54,0,Filled,-5013.445709232,Liquidated 
2010-02-12T15:00:00Z,DIA,84.129217954,60,4,Filled,5047.75307724, 
2010-02-12T15:00:00Z,EFA,40.982063718,122,4,Filled,4999.811773596, 
2010-02-22T15:05:00Z,EFA,41.770331918,-122,0,Filled,-5095.980493996,Liquidated 
2010-04-05T14:05:00Z,DIA,90.83463018,-60,0,Filled,-5450.0778108,Liquidated 
2010-05-10T14:00:00Z,TLT,74.990095695,67,4,Filled,5024.336411565, 
2010-06-04T14:00:00Z,DIA,82.947118225,59,4,Filled,4893.879975275, 
2010-06-04T14:00:00Z,EFA,37.103784174,132,4,Filled,4897.699510968, 
2010-06-04T14:00:00Z,QQQ,41.69012802,118,4,Filled,4919.43510636, 
2010-06-04T14:00:00Z,SPY,91.475142093,53,4,Filled,4848.182530929, 
2010-06-07T14:05:00Z,DIA,82.980406925,-59,0,Filled,-4895.844008575,Liquidated 
2010-07-12T14:05:00Z,TLT,79.70876736,-67,0,Filled,-5340.48741312,Liquidated 
2010-07-16T14:00:00Z,GLD,115.57,43,4,Filled,4969.51, 
2010-07-30T14:00:00Z,DIA,88.513389063,58,4,Filled,5133.776565654, 
2010-08-06T14:05:00Z,DIA,88.922284704,-58,0,Filled,-5157.492512832,Liquidated 
2010-08-06T14:05:00Z,EFA,43.054167464,-132,0,Filled,-5683.150105248,Liquidated 
2010-08-06T14:05:00Z,QQQ,43.086503812,-118,0,Filled,-5084.207449816,Liquidated 
2010-08-06T14:05:00Z,SPY,96.342542388,-53,0,Filled,-5106.154746564,Liquidated 
2010-09-03T14:00:00Z,LQD,85.291673972,60,4,Filled,5117.50043832, 
2010-09-03T14:00:00Z,TLT,84.966599643,61,4,Filled,5182.962578223, 
2010-09-13T14:05:00Z,TLT,82.524891289,-61,0,Filled,-5034.018368629,Liquidated 
2010-09-17T14:05:00Z,GLD,124.49,-43,0,Filled,-5353.07,Liquidated 
2010-11-05T14:05:00Z,LQD,87.021387558,-60,0,Filled,-5221.28325348,Liquidated 
2010-11-26T15:00:00Z,GLD,133.18,38,4,Filled,5060.84, 
2011-01-28T15:05:00Z,GLD,128.75,-38,0,Filled,-4892.5,Liquidated 
2011-03-14T14:00:00Z,EFA,44.74664727,107,4,Filled,4787.89125789, 
2011-04-18T14:00:00Z,DIA,103.882735116,49,4,Filled,5090.254020684, 
2011-04-18T14:00:00Z,EEM,41.767831875,123,4,Filled,5137.443320625, 
2011-04-18T14:00:00Z,QQQ,52.236188542,99,4,Filled,5171.382665658, 
2011-04-18T14:00:00Z,SPY,113.784566812,45,4,Filled,5120.30550654, 
2011-05-16T14:05:00Z,EFA,49.17516474,-107,0,Filled,-5261.74262718,Liquidated 
2011-06-10T14:00:00Z,EFA,48.07410738,105,4,Filled,5047.7812749, 
2011-06-10T14:00:00Z,GLD,148.65,34,4,Filled,5054.1, 
2011-06-20T14:05:00Z,DIA,102.651413655,-49,0,Filled,-5029.919269095,Liquidated 
2011-06-20T14:05:00Z,EEM,39.467098125,-123,0,Filled,-4854.453069375,Liquidated 
2011-06-20T14:05:00Z,QQQ,50.032268183,-99,0,Filled,-4953.194550117,Liquidated 
2011-06-20T14:05:00Z,SPY,111.095539904,-45,0,Filled,-4999.29929568,Liquidated 
2011-07-08T14:00:00Z,DIA,107.154344485,47,4,Filled,5036.254190795, 
2011-07-18T14:05:00Z,EFA,47.308070364,-105,0,Filled,-4967.34738822,Liquidated 
2011-07-25T14:00:00Z,SPY,116.96338525,43,4,Filled,5029.42556575, 
2011-08-08T14:00:00Z,EEM,34.943472,140,4,Filled,4892.08608, 
2011-08-08T14:00:00Z,LQD,89.086599936,56,4,Filled,4988.849596416, 
2011-08-12T14:05:00Z,GLD,169.01,-34,0,Filled,-5746.34,Liquidated 
2011-08-22T14:05:00Z,DIA,94.105499439,-47,0,Filled,-4422.958473633,Liquidated 
2011-08-22T14:05:00Z,EEM,35.022094812,-140,0,Filled,-4903.09327368,Liquidated 
2011-08-22T14:05:00Z,SPY,99.858309994,-43,0,Filled,-4293.907329742,Liquidated 
2011-08-29T14:00:00Z,TLT,91.178281818,55,4,Filled,5014.80549999, 
2011-09-02T14:00:00Z,DIA,94.09689826,52,4,Filled,4893.03870952, 
2011-09-02T14:00:00Z,EEM,35.109453492,138,4,Filled,4845.104581896, 
2011-09-02T14:00:00Z,EFA,40.68890211,117,4,Filled,4760.60154687, 
2011-09-02T14:00:00Z,SPY,100.033208514,48,4,Filled,4801.594008672, 
2011-09-09T14:05:00Z,DIA,95.705318733,-52,0,Filled,-4976.676574116,Liquidated 
2011-09-12T14:00:00Z,GLD,177.52,28,4,Filled,4970.56, 
2011-09-19T14:00:00Z,DIA,98.458036242,52,4,Filled,5119.817884584, 
2011-09-19T14:00:00Z,QQQ,52.92476116,98,4,Filled,5186.62659368, 
2011-09-19T14:05:00Z,EFA,40.466062281,-117,0,Filled,-4734.529286877,Liquidated 
2011-09-26T14:05:00Z,SPY,100.005752713,-48,0,Filled,-4800.276130224,Liquidated 
2011-09-30T14:00:00Z,EFA,39.046490037,125,4,Filled,4880.811254625, 
2011-09-30T14:00:00Z,SPY,98.871820912,49,4,Filled,4844.719224688, 
2011-10-10T14:05:00Z,EEM,32.811920208,-138,0,Filled,-4528.044988704,Liquidated 
2011-10-10T14:05:00Z,LQD,89.098480274,-56,0,Filled,-4989.514895344,Liquidated 
2011-10-14T14:00:00Z,LQD,89.96640089,56,4,Filled,5038.11844984, 
2011-10-14T14:05:00Z,GLD,163.37,-28,0,Filled,-4574.36,Liquidated 
2011-10-24T14:05:00Z,DIA,102.042669603,-52,0,Filled,-5306.218819356,Liquidated 
2011-10-24T14:05:00Z,SPY,109.463974557,-49,0,Filled,-5363.734753293,Liquidated 
2011-10-31T14:00:00Z,DIA,100.89476509,49,4,Filled,4943.84348941, 
2011-10-31T14:00:00Z,EEM,34.323225372,141,4,Filled,4839.574777452, 
2011-10-31T14:00:00Z,GLD,164.04,30,4,Filled,4921.2, 
2011-10-31T14:00:00Z,SPY,107.275222476,45,4,Filled,4827.38501142, 
2011-10-31T14:05:00Z,TLT,96.108383895,-55,0,Filled,-5285.961114225,Liquidated 
2011-11-04T14:05:00Z,DIA,102.741769344,-49,0,Filled,-5034.346697856,Liquidated 
2011-11-04T14:05:00Z,EEM,35.712228384,-141,0,Filled,-5035.424202144,Liquidated 
2011-11-04T14:05:00Z,EFA,42.603673974,-125,0,Filled,-5325.45924675,Liquidated 
2011-11-04T14:05:00Z,SPY,109.780420641,-45,0,Filled,-4940.118928845,Liquidated 
2011-11-14T15:05:00Z,GLD,172.93,-30,0,Filled,-5187.9,Liquidated 
2011-11-21T15:00:00Z,DIA,99.478269922,51,4,Filled,5073.391766022, 
2011-11-21T15:00:00Z,EEM,32.724561528,157,4,Filled,5137.756159896, 
2011-11-21T15:00:00Z,EFA,39.69850287,128,4,Filled,5081.40836736, 
2011-11-21T15:00:00Z,SPY,104.945827691,48,4,Filled,5037.399729168, 
2011-11-21T15:05:00Z,QQQ,50.36688606,-98,0,Filled,-4935.95483388,Liquidated 
2011-11-25T15:05:00Z,DIA,97.877688957,-51,0,Filled,-4991.762136807,Liquidated 
2011-11-25T15:05:00Z,EFA,38.724610284,-128,0,Filled,-4956.750116352,Liquidated 
2011-11-28T15:00:00Z,TLT,101.766199191,50,4,Filled,5088.30995955, 
2011-11-28T15:05:00Z,SPY,105.297434451,-48,0,Filled,-5054.276853648,Liquidated 
2011-12-12T15:00:00Z,GLD,161.87,31,4,Filled,5017.97, 
2011-12-12T15:05:00Z,EEM,33.170090796,-157,0,Filled,-5207.704254972,Liquidated 
2011-12-12T15:05:00Z,LQD,90.404534748,-56,0,Filled,-5062.653945888,Liquidated 
2011-12-16T15:05:00Z,GLD,154.9,-31,0,Filled,-4801.9,Liquidated 
2012-01-06T15:05:00Z,TLT,101.024353448,-50,0,Filled,-5051.2176724,Liquidated 
2012-01-30T15:00:00Z,EEM,37.280457654,138,4,Filled,5144.703156252, 
2012-02-03T15:00:00Z,TLT,99.753635927,51,4,Filled,5087.435432277, 
2012-02-10T15:00:00Z,EFA,45.037025088,114,4,Filled,5134.220860032, 
2012-02-13T15:05:00Z,EEM,38.303531486,-138,0,Filled,-5285.887345068,Liquidated 
2012-03-09T15:05:00Z,TLT,98.77310554,-51,0,Filled,-5037.42838254,Liquidated 
2012-04-16T14:05:00Z,EFA,43.917781512,-114,0,Filled,-5006.627092368,Liquidated 
2012-05-14T14:00:00Z,GLD,151.16,33,4,Filled,4988.28, 
2012-06-04T14:00:00Z,LQD,96.035404003,52,4,Filled,4993.841008156, 
2012-07-16T14:05:00Z,GLD,154.27,-33,0,Filled,-5090.91,Liquidated 
2012-07-23T14:00:00Z,DIA,111.672417429,46,4,Filled,5136.931201734, 
2012-07-23T14:00:00Z,EEM,33.70140416,153,4,Filled,5156.31483648, 
2012-07-23T14:00:00Z,SPY,120.734498313,42,4,Filled,5070.848929146, 
2012-08-06T14:05:00Z,LQD,100.288247541,-52,0,Filled,-5214.988872132,Liquidated 
2012-09-24T14:05:00Z,DIA,119.44748785,-46,0,Filled,-5494.5844411,Liquidated 
2012-09-24T14:05:00Z,EEM,37.10189012,-153,0,Filled,-5676.58918836,Liquidated 
2012-09-24T14:05:00Z,SPY,130.581878688,-42,0,Filled,-5484.438904896,Liquidated 
2013-02-11T15:00:00Z,GLD,159.35,32,4,Filled,5099.2, 
2013-04-05T14:00:00Z,QQQ,64.262294672,80,4,Filled,5140.98357376, 
2013-04-05T14:00:00Z,SPY,141.026166807,36,4,Filled,5076.942005052, 
2013-04-19T14:05:00Z,GLD,135.94,-32,0,Filled,-4350.08,Liquidated 
2013-05-03T14:00:00Z,LQD,103.70668439,49,4,Filled,5081.62753511, 
2013-05-03T14:00:00Z,TLT,107.024770165,47,4,Filled,5030.164197755, 
2013-05-10T14:00:00Z,GLD,138.46,37,4,Filled,5123.02, 
2013-05-31T14:00:00Z,EFA,51.91359596,98,4,Filled,5087.53240408, 
2013-06-07T14:05:00Z,QQQ,68.995816672,-80,0,Filled,-5519.66533376,Liquidated 
2013-06-07T14:05:00Z,SPY,149.000725605,-36,0,Filled,-5364.02612178,Liquidated 
2013-06-21T14:05:00Z,GLD,125.24,-37,0,Filled,-4633.88,Liquidated 
2013-06-24T14:00:00Z,AGG,95.552502318,53,4,Filled,5064.282622854, 
2013-06-24T14:00:00Z,DIA,132.781149528,38,4,Filled,5045.683682064, 
2013-06-24T14:00:00Z,EEM,33.48097158,155,4,Filled,5189.5505949, 
2013-06-24T14:00:00Z,SPY,144.704347872,35,4,Filled,5064.65217552, 
2013-07-05T14:00:00Z,GLD,119.1,43,4,Filled,5121.3, 
2013-07-05T14:05:00Z,LQD,96.362545833,-49,0,Filled,-4721.764745817,Liquidated 
2013-07-05T14:05:00Z,TLT,95.104181678,-47,0,Filled,-4469.896538866,Liquidated 
2013-07-12T14:05:00Z,GLD,123.65,-43,0,Filled,-5316.95,Liquidated 
2013-08-02T14:05:00Z,EFA,54.022647415,-98,0,Filled,-5294.21944667,Liquidated 
2013-08-09T14:05:00Z,SPY,155.159072652,-35,0,Filled,-5430.56754282,Liquidated 
2013-08-26T14:05:00Z,AGG,95.513418,-53,0,Filled,-5062.211154,Liquidated 
2013-08-26T14:05:00Z,DIA,135.628953728,-38,0,Filled,-5153.900241664,Liquidated 
2013-08-26T14:05:00Z,EEM,35.178770065,-155,0,Filled,-5452.709360075,Liquidated 
2013-09-30T14:00:00Z,EFA,56.315105115,91,4,Filled,5124.674565465, 
2013-09-30T14:00:00Z,QQQ,75.127216263,68,4,Filled,5108.650705884, 
2013-09-30T14:00:00Z,SPY,154.274570296,33,4,Filled,5091.060819768, 
2013-10-04T14:05:00Z,EFA,56.191665085,-91,0,Filled,-5113.441522735,Liquidated 
2013-10-07T14:00:00Z,DIA,135.001403395,38,4,Filled,5130.05332901, 
2013-10-07T14:00:00Z,EFA,55.750807835,92,4,Filled,5129.07432082, 
2013-10-11T14:05:00Z,EFA,56.614888045,-92,0,Filled,-5208.56970014,Liquidated 
2013-10-11T14:05:00Z,SPY,155.531595164,-33,0,Filled,-5132.542640412,Liquidated 
2013-10-28T14:05:00Z,DIA,140.847881818,-38,0,Filled,-5352.219509084,Liquidated 
2013-11-08T15:00:00Z,AGG,96.775213346,53,4,Filled,5129.086307338, 
2013-11-08T15:00:00Z,GLD,123.92,41,4,Filled,5080.72, 
2013-11-08T15:00:00Z,LQD,98.686435446,52,4,Filled,5131.694643192, 
2013-11-08T15:00:00Z,TLT,92.85971744,55,4,Filled,5107.2844592, 
2013-12-02T15:05:00Z,QQQ,81.5807079605,-68,0,Filled,-5547.488141314,Liquidated 
2013-12-23T15:00:00Z,EEM,37.631088395,137,4,Filled,5155.459110115, 
2014-01-10T15:05:00Z,AGG,97.255789884,-53,0,Filled,-5154.556863852,Liquidated 
2014-01-10T15:05:00Z,GLD,119.91,-41,0,Filled,-4916.31,Liquidated 
2014-01-10T15:05:00Z,LQD,101.010567184,-52,0,Filled,-5252.549493568,Liquidated 
2014-01-10T15:05:00Z,TLT,94.059777,-55,0,Filled,-5173.287735,Liquidated 
2014-01-31T15:00:00Z,DIA,142.779831081,36,4,Filled,5140.073918916, 
2014-01-31T15:00:00Z,EFA,56.498950192,91,4,Filled,5141.404467472, 
2014-01-31T15:00:00Z,SPY,164.170957805,31,4,Filled,5089.299691955, 
2014-02-24T15:05:00Z,EEM,36.234963075,-137,0,Filled,-4964.189941275,Liquidated 
2014-04-07T14:05:00Z,DIA,149.608208088,-36,0,Filled,-5385.895491168,Liquidated 
2014-04-07T14:05:00Z,EFA,59.852241159,-91,0,Filled,-5446.553945469,Liquidated 
2014-04-07T14:05:00Z,SPY,172.229808212,-31,0,Filled,-5339.124054572,Liquidated 
2014-07-07T14:00:00Z,EFA,62.228213868,83,4,Filled,5164.941751044, 
2014-07-14T14:00:00Z,GLD,125.89,41,4,Filled,5161.49, 
2014-09-08T14:05:00Z,EFA,60.688001779,-83,0,Filled,-5037.104147657,Liquidated 
2014-09-15T14:05:00Z,GLD,118.66,-41,0,Filled,-4865.06,Liquidated 
2014-09-29T14:00:00Z,DIA,157.831399005,33,4,Filled,5208.436167165, 
2014-09-29T14:00:00Z,EEM,38.390471586,135,4,Filled,5182.71366411, 
2014-09-29T14:00:00Z,EFA,58.318444719,88,4,Filled,5132.023135272, 
2014-09-29T14:00:00Z,QQQ,95.61775364,54,4,Filled,5163.35869656, 
2014-09-29T14:00:00Z,SPY,184.934428361,28,4,Filled,5178.163994108, 
2014-10-03T14:00:00Z,GLD,115.16,45,4,Filled,5182.2, 
2014-11-10T15:05:00Z,EFA,57.343280852,-88,0,Filled,-5046.208714976,Liquidated 
2014-11-17T15:05:00Z,GLD,113.65,-45,0,Filled,-5114.25,Liquidated 
2014-11-28T15:00:00Z,GLD,113.73,45,4,Filled,5117.85, 
2014-12-01T15:05:00Z,DIA,164.708556194,-33,0,Filled,-5435.382354402,Liquidated 
2014-12-01T15:05:00Z,EEM,37.853412408,-135,0,Filled,-5110.21067508,Liquidated 
2014-12-01T15:05:00Z,QQQ,101.63977755,-54,0,Filled,-5488.5479877,Liquidated 
2014-12-01T15:05:00Z,SPY,192.642758017,-28,0,Filled,-5393.997224476,Liquidated 
2014-12-05T15:05:00Z,GLD,114.71,-45,0,Filled,-5161.95,Liquidated 
2015-01-05T15:00:00Z,DIA,163.05912593,31,4,Filled,5054.83290383, 
2015-01-05T15:00:00Z,EFA,54.39317553,95,4,Filled,5167.35167535, 
2015-01-05T15:00:00Z,SPY,190.098464416,27,4,Filled,5132.658539232, 
2015-01-12T15:05:00Z,EFA,54.57724719,-95,0,Filled,-5184.83848305,Liquidated 
2015-02-02T15:05:00Z,DIA,158.978386883,-31,0,Filled,-4928.329993373,Liquidated 
2015-02-02T15:05:00Z,SPY,186.636826784,-27,0,Filled,-5039.194323168,Liquidated 
2015-02-06T15:00:00Z,GLD,118.83,43,4,Filled,5109.69, 
2015-02-09T15:05:00Z,GLD,118.99,-43,0,Filled,-5116.57,Liquidated 
2015-03-06T15:00:00Z,GLD,112.42,46,4,Filled,5171.32, 
2015-03-06T15:00:00Z,LQD,109.186578884,47,4,Filled,5131.769207548, 
2015-04-13T14:05:00Z,GLD,115.09,-46,0,Filled,-5294.14,Liquidated 
2015-04-17T14:00:00Z,EEM,40.065951655,130,4,Filled,5208.57371515, 
2015-04-17T14:00:00Z,QQQ,103.604737768,50,4,Filled,5180.2368884, 
2015-05-11T14:05:00Z,LQD,108.849034944,-47,0,Filled,-5115.904642368,Liquidated 
2015-06-05T14:00:00Z,AGG,102.332675536,50,4,Filled,5116.6337768, 
2015-06-05T14:00:00Z,LQD,106.870433352,48,4,Filled,5129.780800896, 
2015-06-19T14:05:00Z,EEM,37.85833181,-130,0,Filled,-4921.5831353,Liquidated 
2015-06-19T14:05:00Z,QQQ,107.371663128,-50,0,Filled,-5368.5831564,Liquidated 
2015-06-22T14:00:00Z,GLD,112.96,45,4,Filled,5083.2, 
2015-06-29T14:00:00Z,EFA,60.252025805,86,4,Filled,5181.67421923, 
2015-07-06T14:00:00Z,EEM,35.914470662,141,4,Filled,5063.940363342, 
2015-07-13T14:05:00Z,LQD,106.0171743285,-48,0,Filled,-5088.824367768,Liquidated 
2015-08-07T14:05:00Z,AGG,103.048824996,-50,0,Filled,-5152.4412498,Liquidated 
2015-08-21T14:05:00Z,EEM,31.626316943,-141,0,Filled,-4459.310688963,Liquidated 
2015-08-24T14:00:00Z,DIA,154.45871418,34,4,Filled,5251.59628212, 
2015-08-24T14:00:00Z,EEM,31.484325098,176,4,Filled,5541.241217248, 
2015-08-24T14:00:00Z,QQQ,99.486434781,53,4,Filled,5272.781043393, 
2015-08-24T14:00:00Z,SPY,185.569423006,28,4,Filled,5195.943844168, 
2015-08-24T14:05:00Z,GLD,111.58,-45,0,Filled,-5021.1,Liquidated 
2015-08-28T14:05:00Z,EEM,32.099623093,-176,0,Filled,-5649.533664368,Liquidated 
2015-08-28T14:05:00Z,QQQ,102.576196692,-53,0,Filled,-5436.538424676,Liquidated 
2015-08-31T14:05:00Z,EFA,55.99310523,-86,0,Filled,-4815.40704978,Liquidated 
2015-09-04T14:00:00Z,EFA,55.291085355,95,4,Filled,5252.653108725, 
2015-09-28T14:00:00Z,GLD,108.24,47,4,Filled,5087.28, 
2015-10-02T14:00:00Z,QQQ,102.376367756,52,4,Filled,5323.571123312, 
2015-10-26T14:05:00Z,DIA,166.876079364,-34,0,Filled,-5673.786698376,Liquidated 
2015-10-26T14:05:00Z,QQQ,109.841107684,-52,0,Filled,-5711.737599568,Liquidated 
2015-10-26T14:05:00Z,SPY,197.326596528,-28,0,Filled,-5525.144702784,Liquidated 
2015-10-26T14:05:00Z,GLD,111.9,-47,0,Filled,-5259.3,Liquidated 
2015-11-02T15:05:00Z,EFA,57.62179134,-95,0,Filled,-5474.0701773,Liquidated 
2015-11-06T15:00:00Z,GLD,104.29,50,4,Filled,5214.5, 
2015-11-30T15:05:00Z,GLD,101.76,-50,0,Filled,-5088,Liquidated 
2015-12-11T15:00:00Z,DIA,164.502910936,31,4,Filled,5099.590239016, 
2015-12-11T15:00:00Z,EFA,54.68266813,95,4,Filled,5194.85347235, 
2015-12-14T15:00:00Z,LQD,106.868738086,48,4,Filled,5129.699428128, 
2015-12-28T15:05:00Z,DIA,166.173520872,-31,0,Filled,-5151.379147032,Liquidated 
2016-01-04T15:00:00Z,EEM,30.24350881,174,4,Filled,5262.37053294, 
2016-01-04T15:00:00Z,SPY,193.39056368,27,4,Filled,5221.54521936, 
2016-01-04T15:05:00Z,EFA,54.324411141,-95,0,Filled,-5160.819058395,Liquidated 
2016-01-15T15:00:00Z,DIA,153.989702255,34,4,Filled,5235.64987667, 
2016-01-15T15:00:00Z,EFA,51.170516943,102,4,Filled,5219.392728186, 
2016-02-12T15:05:00Z,DIA,150.622816848,-34,0,Filled,-5121.175772832,Liquidated 
2016-02-12T15:05:00Z,EFA,48.554862174,-102,0,Filled,-4952.595941748,Liquidated 
2016-02-19T15:05:00Z,LQD,107.290566405,-48,0,Filled,-5149.94718744,Liquidated 
2016-02-22T15:00:00Z,GLD,116.68,44,4,Filled,5133.92, 
2016-03-07T15:05:00Z,EEM,31.339775902,-174,0,Filled,-5453.121006948,Liquidated 
2016-03-07T15:05:00Z,SPY,191.681352144,-27,0,Filled,-5175.396507888,Liquidated 
2016-04-01T14:00:00Z,EFA,53.54065899,98,4,Filled,5246.98458102, 
2016-04-18T14:05:00Z,EFA,55.249805247,-98,0,Filled,-5414.480914206,Liquidated 
2016-04-29T14:05:00Z,GLD,122.81,-44,0,Filled,-5403.64,Liquidated 
2016-06-24T14:00:00Z,DIA,166.616574915,30,4,Filled,4998.49724745, 
2016-06-24T14:00:00Z,EEM,31.50251325,162,4,Filled,5103.4071465, 
2016-06-24T14:00:00Z,EFA,50.993430488,99,4,Filled,5048.349618312, 
2016-06-24T14:00:00Z,SPY,195.584775013,26,4,Filled,5085.204150338, 
2016-06-27T14:05:00Z,EFA,50.675384144,-99,0,Filled,-5016.863030256,Liquidated 
2016-08-26T14:05:00Z,DIA,179.486771352,-30,0,Filled,-5384.60314056,Liquidated 
2016-08-26T14:05:00Z,EEM,36.009795915,-162,0,Filled,-5833.58693823,Liquidated 
2016-08-26T14:05:00Z,SPY,211.9570805755,-26,0,Filled,-5510.884094963,Liquidated 
2016-11-07T15:00:00Z,GLD,122.14,43,4,Filled,5252.02, 
2017-01-09T15:05:00Z,GLD,112.36,-43,0,Filled,-4831.48,Liquidated 
2017-03-27T14:00:00Z,DIA,201.653297772,26,4,Filled,5242.985742072, 
2017-03-27T14:00:00Z,SPY,229.816764228,23,4,Filled,5285.785577244, 
2017-04-24T14:00:00Z,GLD,120.53,43,4,Filled,5182.79, 
2017-06-02T14:05:00Z,DIA,208.783445741,-26,0,Filled,-5428.369589266,Liquidated 
2017-06-02T14:05:00Z,SPY,239.74754394,-23,0,Filled,-5514.19351062,Liquidated 
2017-06-26T14:05:00Z,GLD,118.45,-43,0,Filled,-5093.35,Liquidated 
2017-06-30T14:00:00Z,TLT,123.6977125,43,4,Filled,5319.0016375, 
2017-09-01T14:05:00Z,TLT,125.81123136,-43,0,Filled,-5409.88294848,Liquidated 
2017-09-11T14:00:00Z,GLD,126.03,41,4,Filled,5167.23, 
2017-09-25T14:00:00Z,EEM,44.02968774,120,4,Filled,5283.5625288, 
2017-11-13T15:00:00Z,EFA,68.14027528,78,4,Filled,5314.94147184, 
2017-11-13T15:05:00Z,GLD,121.35,-41,0,Filled,-4975.35,Liquidated 
2017-11-27T15:05:00Z,EEM,46.497123261,-120,0,Filled,-5579.65479132,Liquidated 
